<?xml version="1.0" encoding="UTF-8"?>
<project-private xmlns="http://www.netbeans.org/ns/project-private/1">
    <editor-bookmarks xmlns="http://www.netbeans.org/ns/editor-bookmarks/2" lastBookmarkId="0"/>
    <open-files xmlns="http://www.netbeans.org/ns/projectui-open-files/2">
        <group>
            <file>file:/Users/sakshipekale/Desktop/Github/AED_PROJECT_SSS/Aed_final_SSS/src/UI/MainFrame.java</file>
            <file>file:/Users/sakshipekale/Desktop/Github/AED_PROJECT_SSS/Aed_final_SSS/src/Model/Org/OrgVolunteer.java</file>
            <file>file:/Users/sakshipekale/Desktop/Github/AED_PROJECT_SSS/Aed_final_SSS/src/Model/Org/OrgAdmin.java</file>
            <file>file:/Users/sakshipekale/Desktop/Github/AED_PROJECT_SSS/Aed_final_SSS/src/Model/Role/Role_supervisor.java</file>
            <file>file:/Users/sakshipekale/Desktop/Github/AED_PROJECT_SSS/Aed_final_SSS/src/Model/Role/Role_volunteer.java</file>
        </group>
    </open-files>
</project-private>
